{"RuleTriggered": 0, "Violations": 0, "Details": {"pin_memory": false, "num_workers": 0, "cores": 2, "dataloaders": 1, "dataloading_time": {"p25": 0.70747675, "p50": 0.771367, "p95": 1.1572983999999997, "probs": [1, 0, 0, 0, 0, 0, 0, 0, 0, 1, 0, 0, 0, 0, 0, 0, 1, 0, 0, 0, 2, 0, 0, 0, 0, 0, 0, 0, 0, 0, 0, 0, 1, 0, 1, 0, 0, 0, 0, 0, 0, 0, 0, 0, 0, 0, 0, 0, 0, 0, 1, 0, 0, 0, 0, 0, 0, 0, 0, 1, 0, 0, 0, 0, 0, 0, 0, 0, 0, 0, 0, 0, 0, 0, 0, 0, 0, 0, 0, 0, 0, 0, 0, 0, 0, 0, 0, 0, 0, 0, 0, 0, 0, 0, 0, 0, 0, 0, 0, 1], "binedges": [0.58648, 0.59346145, 0.6004429, 0.60742435, 0.6144058, 0.62138725, 0.6283687, 0.63535015, 0.6423316, 0.64931305, 0.6562945, 0.66327595, 0.6702574, 0.67723885, 0.6842203, 0.69120175, 0.6981832, 0.70516465, 0.7121461, 0.71912755, 0.726109, 0.73309045, 0.7400719, 0.74705335, 0.7540348, 0.76101625, 0.7679977, 0.77497915, 0.7819606, 0.78894205, 0.7959235, 0.80290495, 0.8098864, 0.81686785, 0.8238493, 0.83083075, 0.8378121999999999, 0.84479365, 0.8517751, 0.85875655, 0.8657379999999999, 0.87271945, 0.8797009, 0.88668235, 0.8936637999999999, 0.90064525, 0.9076267, 0.91460815, 0.9215895999999999, 0.92857105, 0.9355525, 0.94253395, 0.9495153999999999, 0.95649685, 0.9634783, 0.97045975, 0.9774411999999999, 0.98442265, 0.9914041, 0.99838555, 1.005367, 1.01234845, 1.0193299, 1.0263113499999998, 1.0332928, 1.04027425, 1.0472557, 1.05423715, 1.0612186, 1.06820005, 1.0751815, 1.0821629499999998, 1.0891444, 1.09612585, 1.1031073, 1.11008875, 1.1170702, 1.12405165, 1.1310330999999998, 1.1380145499999998, 1.144996, 1.15197745, 1.1589589, 1.16594035, 1.1729218, 1.17990325, 1.1868846999999998, 1.1938661499999998, 1.2008476, 1.20782905, 1.2148105, 1.22179195, 1.2287734, 1.23575485, 1.2427362999999998, 1.2497177499999998, 1.2566992, 1.26368065, 1.2706621, 1.27764355, 1.284625]}}, "Datapoints": 10, "RuleParameters": "min_threshold:70\nmax_threshold:200"}