{"RuleTriggered": 1, "Violations": 1, "Details": {"pin_memory": false, "num_workers": 0, "cores": 2, "dataloaders": 1, "dataloading_time": {"p25": 0.6377634999999999, "p50": 0.725129, "p95": 1.069065, "probs": [2, 0, 0, 0, 0, 1, 0, 0, 0, 0, 1, 0, 0, 0, 0, 0, 0, 0, 0, 0, 1, 0, 0, 0, 0, 1, 0, 0, 0, 0, 0, 0, 1, 0, 0, 0, 0, 0, 0, 0, 0, 0, 0, 0, 0, 0, 0, 0, 0, 0, 0, 0, 0, 0, 0, 0, 0, 0, 0, 0, 0, 0, 0, 0, 0, 0, 0, 0, 0, 0, 0, 0, 1, 0, 0, 0, 0, 0, 0, 0, 0, 0, 0, 1, 0, 0, 0, 0, 0, 0, 1, 0, 0, 0, 0, 0, 0, 0, 0, 1], "binedges": [0.596775, 0.60172756, 0.60668012, 0.61163268, 0.61658524, 0.6215378, 0.62649036, 0.63144292, 0.63639548, 0.64134804, 0.6463006, 0.65125316, 0.65620572, 0.66115828, 0.66611084, 0.6710634000000001, 0.6760159600000001, 0.6809685200000001, 0.6859210800000001, 0.6908736400000001, 0.6958262000000001, 0.7007787600000001, 0.70573132, 0.71068388, 0.71563644, 0.720589, 0.72554156, 0.73049412, 0.73544668, 0.74039924, 0.7453518, 0.75030436, 0.75525692, 0.76020948, 0.76516204, 0.7701146, 0.7750671600000001, 0.7800197200000001, 0.7849722800000001, 0.7899248400000001, 0.7948774000000001, 0.7998299600000001, 0.8047825200000001, 0.80973508, 0.81468764, 0.8196402, 0.82459276, 0.82954532, 0.83449788, 0.83945044, 0.844403, 0.84935556, 0.85430812, 0.85926068, 0.86421324, 0.8691658, 0.87411836, 0.87907092, 0.88402348, 0.88897604, 0.8939286, 0.89888116, 0.90383372, 0.90878628, 0.9137388399999999, 0.9186913999999999, 0.9236439599999999, 0.9285965199999999, 0.9335490799999999, 0.9385016399999999, 0.9434541999999999, 0.94840676, 0.95335932, 0.95831188, 0.96326444, 0.968217, 0.97316956, 0.97812212, 0.98307468, 0.98802724, 0.9929798, 0.99793236, 1.00288492, 1.00783748, 1.01279004, 1.0177426, 1.02269516, 1.02764772, 1.03260028, 1.03755284, 1.0425054, 1.04745796, 1.05241052, 1.05736308, 1.06231564, 1.0672682, 1.07222076, 1.07717332, 1.08212588, 1.08707844, 1.092031]}}, "Datapoints": 11, "RuleParameters": "min_threshold:70\nmax_threshold:200"}