{"RuleTriggered": 0, "Violations": 0, "Details": {"step_num": {"first": 1677738433246339, "last": 1677739609418746}, "job_start": 1677738304.001081, "job_end": 1677739619.501498}, "Datapoints": 76, "RuleParameters": "threshold:20"}