{"RuleTriggered": 0, "Violations": 0, "Details": {"step_num": {"first": 1677859774552477, "last": 1677860935819483}, "job_start": 1677859653.000977, "job_end": 1677860939.503757}, "Datapoints": 79, "RuleParameters": "threshold:20"}