{"RuleTriggered": 0, "Violations": 0, "Details": {"ratio": {"cpu_functions": 100.0}, "phase": {"Step:ModeKeys.TRAIN": 90.2378232605769, "others": -3.132782933149463, "Step:ModeKeys.EVAL": 4.260430227657411, "Step:ModeKeys.PREDICT": 8.634529444915152}, "phase_time": {}, "CPU": {"aten::conv2d": 18.271483258901636, "aten::convolution": 18.27068419286444, "aten::_convolution": 18.270087396676256, "aten::mkldnn_convolution": 18.268591601129437, "aten::batch_norm": 8.974069942606713, "aten::_batch_norm_impl_index": 8.973144507980676, "aten::native_batch_norm": 8.971939099840855}, "CPU_total": {"aten::conv2d": 91235536, "aten::convolution": 91231546, "aten::_convolution": 91228566, "aten::mkldnn_convolution": 91221097, "aten::batch_norm": 44810488, "aten::_batch_norm_impl_index": 44805867, "aten::native_batch_norm": 44799848}, "general": {"DataLoaderIterInitialize": 6.066844703395664e-05, "DataLoaderIter": 0.4978820871065646, "Forward": 99.5020572444464}}, "Datapoints": 0, "RuleParameters": ""}