{"RuleTriggered": 0, "Violations": 0, "Details": {"ratio": {"cpu_functions": 100.0}, "phase": {"Step:ModeKeys.TRAIN": 117.90007899465289, "others": -37.894369873775204, "Step:ModeKeys.EVAL": 6.4087692281933135, "Step:ModeKeys.PREDICT": 13.585521650928998}, "phase_time": {}, "CPU": {"aten::conv2d": 18.218671746937538, "aten::convolution": 18.21784216649963, "aten::_convolution": 18.21724320903389, "aten::mkldnn_convolution": 18.215705203131627, "aten::batch_norm": 9.044544842657945, "aten::_batch_norm_impl_index": 9.04357774548156, "aten::native_batch_norm": 9.042415086257822}, "CPU_total": {"aten::conv2d": 93533212, "aten::convolution": 93528953, "aten::_convolution": 93525878, "aten::mkldnn_convolution": 93517982, "aten::batch_norm": 46433974, "aten::_batch_norm_impl_index": 46429009, "aten::native_batch_norm": 46423040}, "general": {"DataLoaderIterInitialize": 5.6182795270713044e-05, "DataLoaderIter": 0.5257730193955946, "Forward": 99.47417079780914}}, "Datapoints": 0, "RuleParameters": ""}